{
  "faithfulness": {
    "mean": 0.5894684944684945,
    "std": 0.17739816708140546,
    "min": 0.3,
    "max": 0.9,
    "median": 0.6,
    "n": 15
  },
  "relevance": {
    "mean": 0.9666666666666667,
    "std": 0.08498365855987973,
    "min": 0.75,
    "max": 1.0,
    "median": 1.0,
    "n": 15
  },
  "coherence": {
    "mean": 0.6253671173254648,
    "std": 0.05723151237273421,
    "min": 0.5172858178615569,
    "max": 0.7140826225280761,
    "median": 0.6382623314857483,
    "n": 15
  },
  "coverage": {
    "mean": 0.6407163433233897,
    "std": 0.08034580196586591,
    "min": 0.48324244022369384,
    "max": 0.720325481891632,
    "median": 0.6642083168029785,
    "n": 15
  },
  "specificity": {
    "mean": 0.987078931130015,
    "std": 0.014161042849042548,
    "min": 0.9492753623188406,
    "max": 1.0,
    "median": 0.9916666666666667,
    "n": 15
  },
  "sentiment_calibration": {
    "mean": 0.6693333333333332,
    "std": 0.3238820086938383,
    "min": 0.22000000000000003,
    "max": 0.98,
    "median": 0.86,
    "n": 15
  },
  "aggregate_score": {
    "mean": 0.7328991605201264,
    "std": 0.06464987400165917,
    "min": 0.5929769061741076,
    "max": 0.8593203731019395,
    "median": 0.729656579402141,
    "n": 15
  }
}