{
  "faithfulness": {
    "mean": 0.5352813852813852,
    "std": 0.19209763970064667,
    "min": 0.2222222222222222,
    "max": 0.75,
    "median": 0.5454545454545454,
    "n": 5
  },
  "relevance": {
    "mean": 0.9,
    "std": 0.1224744871391589,
    "min": 0.75,
    "max": 1.0,
    "median": 1.0,
    "n": 5
  },
  "coherence": {
    "mean": 0.5598436677455901,
    "std": 0.08630501192357638,
    "min": 0.42022128105163575,
    "max": 0.6851856470108032,
    "median": 0.5488269746303558,
    "n": 5
  },
  "coverage": {
    "mean": 0.5690840232372283,
    "std": 0.06236929718058227,
    "min": 0.5063293159008027,
    "max": 0.6764976561069489,
    "median": 0.549400269985199,
    "n": 5
  },
  "specificity": {
    "mean": 0.9851963241436927,
    "std": 0.011630751506450984,
    "min": 0.9642857142857143,
    "max": 1.0,
    "median": 0.9861111111111112,
    "n": 5
  },
  "sentiment_calibration": {
    "mean": 0.6519999999999999,
    "std": 0.3223910668737581,
    "min": 0.26,
    "max": 0.98,
    "median": 0.86,
    "n": 5
  },
  "aggregate_score": {
    "mean": 0.6809254025075141,
    "std": 0.06023350921641648,
    "min": 0.5837356990379493,
    "max": 0.7559603483939284,
    "median": 0.6866466297740825,
    "n": 5
  }
}