{
  "faithfulness": {
    "mean": 0.5546007696007696,
    "std": 0.23557319965760312,
    "min": 0.2222222222222222,
    "max": 1.0,
    "median": 0.5555555555555556,
    "n": 15
  },
  "relevance": {
    "mean": 0.9333333333333333,
    "std": 0.11055415967851333,
    "min": 0.75,
    "max": 1.0,
    "median": 1.0,
    "n": 15
  },
  "coherence": {
    "mean": 0.6168703293800354,
    "std": 0.0842015664082565,
    "min": 0.3896333396434784,
    "max": 0.7013994932174683,
    "median": 0.6410688281059265,
    "n": 15
  },
  "coverage": {
    "mean": 0.6115444684028625,
    "std": 0.09916038697975396,
    "min": 0.45347900986671447,
    "max": 0.8023171424865723,
    "median": 0.6026037573814392,
    "n": 15
  },
  "specificity": {
    "mean": 0.9839231102563101,
    "std": 0.009244071379384253,
    "min": 0.9659863945578231,
    "max": 1.0,
    "median": 0.9852941176470589,
    "n": 15
  },
  "sentiment_calibration": {
    "mean": 0.5533333333333333,
    "std": 0.3228759651768599,
    "min": 0.26,
    "max": 0.98,
    "median": 0.30000000000000004,
    "n": 15
  },
  "aggregate_score": {
    "mean": 0.6982154979929033,
    "std": 0.09038110386981915,
    "min": 0.5769254911638766,
    "max": 0.8675521995981021,
    "median": 0.7100147839710473,
    "n": 15
  }
}